"","","2019","2019","2019","2015","2015","2015","2010","2010","2010","2005","2005","2005","2000","2000","2000"
"Indicator","Age Group"," Both sexes"," Male"," Female"," Both sexes"," Male"," Female"," Both sexes"," Male"," Female"," Both sexes"," Male"," Female"," Both sexes"," Male"," Female"
"nMx - age-specific death rate between ages x and x+n"," &lt;1 year","0.006805083","0.00722026","0.00633884","0.009192688","0.009821111","0.008483518","0.013537708","0.014382722","0.012551051","0.021561276","0.022857947","0.020043065","0.025789245","0.027560019","0.023812933"
"nMx - age-specific death rate between ages x and x+n"," 1-4 years","0.0002863","0.000302405","0.000268089","0.000381881","0.000399053","0.000362115","0.000565003","0.00059711","0.000527574","0.000938766","0.000989245","0.000880695","0.001798668","0.001864222","0.00172401"
"nMx - age-specific death rate between ages x and x+n"," 5-9 years","0.000184987","0.000195288","0.000173127","0.000215049","0.000224651","0.000203856","0.000268898","0.00028427","0.000251165","0.000351698","0.000370778","0.000330093","0.000477982","0.000495641","0.000458363"
"nMx - age-specific death rate between ages x and x+n"," 10-14 years","0.000194094","0.000241935","0.000138345","0.000214338","0.000275595","0.000143695","0.000246162","0.000309287","0.000174713","0.000293353","0.000370242","0.000207973","0.000356248","0.000394962","0.000314772"
"nMx - age-specific death rate between ages x and x+n"," 15-19  years","0.000359719","0.000481934","0.000219306","0.000381959","0.00050739","0.000239979","0.000462227","0.000607076","0.000301489","0.000584565","0.000781051","0.000374232","0.000660429","0.00087076","0.000437361"
"nMx - age-specific death rate between ages x and x+n"," 20-24 years","0.000562952","0.00079184","0.000304858","0.000546264","0.000749469","0.00032086","0.000676178","0.000925313","0.000409878","0.000746575","0.000999471","0.000478942","0.000925061","0.001079","0.000762219"
"nMx - age-specific death rate between ages x and x+n"," 25-29 years","0.000611482","0.000875234","0.000321813","0.000648283","0.000935255","0.000342077","0.000772314","0.001047291","0.000482224","0.000796603","0.001071702","0.000506383","0.001081129","0.001135783","0.001023515"
"nMx - age-specific death rate between ages x and x+n"," 30-34 years","0.000849743","0.001224342","0.000452289","0.000869105","0.001240993","0.000477621","0.001078522","0.00150451","0.000630679","0.001146386","0.00153033","0.00074289","0.001512001","0.001627404","0.001392388"
"nMx - age-specific death rate between ages x and x+n"," 35-39 years","0.00124144","0.001773564","0.000683142","0.00121442","0.001689849","0.000715724","0.001435116","0.001988934","0.000855065","0.001795691","0.002395952","0.00117564","0.001982","0.00249698","0.001441805"
"nMx - age-specific death rate between ages x and x+n"," 40-44 years","0.001871817","0.002628836","0.001079694","0.001900836","0.002636063","0.001132918","0.002243462","0.003096309","0.001365602","0.002636384","0.003497334","0.001736638","0.002863912","0.003657986","0.002029862"
"nMx - age-specific death rate between ages x and x+n"," 45-49 years","0.002480733","0.003419131","0.001506936","0.002800822","0.003981757","0.001589994","0.003355076","0.004560672","0.002100078","0.003478638","0.004538308","0.002369967","0.004226445","0.004950098","0.003470363"
"nMx - age-specific death rate between ages x and x+n"," 50-54 years","0.003951865","0.005328397","0.00254889","0.004150298","0.005596447","0.002655234","0.004655899","0.006209075","0.003040273","0.006062389","0.007664854","0.004396771","0.006455798","0.008064191","0.004779301"
"nMx - age-specific death rate between ages x and x+n"," 55-59 years","0.006194568","0.008227354","0.004111115","0.006609399","0.008840334","0.004316395","0.007381302","0.009656012","0.005041736","0.009378601","0.011878718","0.006797851","0.009393597","0.012456969","0.006070169"
"nMx - age-specific death rate between ages x and x+n"," 60-64 years","0.009999596","0.013086547","0.0068937","0.010879752","0.014475722","0.007260508","0.012802201","0.01657006","0.008986373","0.014023564","0.017318691","0.010509777","0.014925607","0.018575529","0.010955874"
"nMx - age-specific death rate between ages x and x+n"," 65-69 years","0.016263186","0.020879673","0.011784175","0.017586966","0.023003096","0.012316568","0.020230385","0.025616419","0.01468858","0.023490933","0.028699594","0.018010583","0.024546347","0.030455792","0.018481003"
"nMx - age-specific death rate between ages x and x+n"," 70-74 years","0.029469503","0.037614573","0.022030414","0.031057462","0.039330641","0.023138667","0.035438159","0.044084732","0.026927583","0.042617026","0.05227951","0.033322054","0.044959843","0.054093613","0.036212843"
"nMx - age-specific death rate between ages x and x+n"," 75-79 years","0.049803566","0.062991582","0.038446795","0.052813866","0.067263868","0.040289703","0.060050338","0.074618072","0.047652392","0.068910763","0.084127649","0.05595048","0.070319029","0.086314683","0.05745126"
"nMx - age-specific death rate between ages x and x+n"," 80-84 years","0.091211622","0.114511972","0.073751188","0.094962567","0.119167662","0.077514372","0.111562065","0.138296591","0.092036788","0.118872068","0.144332645","0.101082817","0.119476273","0.145685834","0.10130608"
"nMx - age-specific death rate between ages x and x+n"," 85+ years","0.199643987","0.264709858","0.163027694","0.214063929","0.296801367","0.168224746","0.230843168","0.306463157","0.188805906","0.234466126","0.296273631","0.199795995","0.240868248","0.294092961","0.21280725"
"nqx - probability of dying between ages x and x+n"," &lt;1 year","0.006763658","0.007173644","0.006302882","0.009117257","0.009735063","0.008419236","0.013374751","0.014198925","0.012410859","0.021150841","0.022397188","0.019687919","0.025204246","0.026892966","0.023313291"
"nqx - probability of dying between ages x and x+n"," 1-4 years","0.001144414","0.001208742","0.001071665","0.001526127","0.001594684","0.001447201","0.002256953","0.002385023","0.002107629","0.003746623","0.003947607","0.00351535","0.007163749","0.007423673","0.006867625"
"nqx - probability of dying between ages x and x+n"," 5-9 years","0.000924507","0.000975961","0.000865259","0.001074667","0.001122624","0.001018762","0.001343587","0.001420339","0.001255038","0.001756943","0.001852175","0.001649103","0.002387058","0.002475136","0.00228919"
"nqx - probability of dying between ages x and x+n"," 10-14 years","0.000969999","0.001208946","0.000691484","0.001071116","0.001377028","0.000718218","0.001230055","0.001545242","0.000873184","0.001465692","0.0018495","0.001039327","0.001779657","0.001972862","0.00157262"
"nqx - probability of dying between ages x and x+n"," 15-19  years","0.00179698","0.002406769","0.001095929","0.001907971","0.002533734","0.001199175","0.002308465","0.003030781","0.001506309","0.002918559","0.003897645","0.001869409","0.0032967","0.004344345","0.002184419"
"nqx - probability of dying between ages x and x+n"," 20-24 years","0.002810805","0.003951378","0.001523131","0.002727594","0.003740335","0.001603012","0.003375185","0.004615886","0.002047291","0.003725921","0.004984898","0.002391844","0.004614631","0.005380487","0.003803847"
"nqx - probability of dying between ages x and x+n"," 25-29 years","0.003052746","0.004366614","0.00160777","0.003236172","0.004665366","0.001708925","0.003854129","0.005222782","0.002408215","0.003975101","0.005344189","0.002528715","0.005391072","0.005662833","0.005104513"
"nqx - probability of dying between ages x and x+n"," 30-34 years","0.004239707","0.006103028","0.002258892","0.004336102","0.006185772","0.002385255","0.005378111","0.00749436","0.00314843","0.005715547","0.007622486","0.003707566","0.007531537","0.008104046","0.006937792"
"nqx - probability of dying between ages x and x+n"," 35-39 years","0.006187994","0.008828676","0.003409885","0.006053719","0.0084137","0.003572226","0.007149929","0.009895465","0.004266205","0.008938327","0.011908428","0.005860976","0.00986114","0.012407445","0.007183134"
"nqx - probability of dying between ages x and x+n"," 40-44 years","0.009315495","0.013058359","0.005383936","0.009459228","0.013094022","0.005648594","0.011154748","0.015362627","0.006804779","0.013095605","0.017335101","0.008645656","0.014217765","0.018124187","0.010098064"
"nqx - probability of dying between ages x and x+n"," 45-49 years","0.012327216","0.016950764","0.007506399","0.013906734","0.019712558","0.007918495","0.016635844","0.022546297","0.010445546","0.017243233","0.022436973","0.011780039","0.020911274","0.024447941","0.017202567"
"nqx - probability of dying between ages x and x+n"," 50-54 years","0.01956602","0.026291752","0.012663756","0.020538388","0.027596133","0.013188623","0.023011645","0.030570835","0.015086697","0.029859396","0.037603702","0.021744835","0.031766296","0.039524132","0.023614357"
"nqx - probability of dying between ages x and x+n"," 55-59 years","0.030500498","0.040307703","0.020346459","0.032509818","0.043245898","0.021351568","0.036237804","0.047142049","0.024894898","0.045818717","0.057680657","0.033421274","0.045890296","0.060403728","0.029897142"
"nqx - probability of dying between ages x and x+n"," 60-64 years","0.048778564","0.063359831","0.033884525","0.052958327","0.069850762","0.035655348","0.062025835","0.079554733","0.043944611","0.067742831","0.082999832","0.051203541","0.071943532","0.088755926","0.053318981"
"nqx - probability of dying between ages x and x+n"," 65-69 years","0.078138957","0.099219204","0.057234714","0.084231395","0.108760888","0.059743262","0.096282351","0.120373264","0.070841497","0.110939485","0.133891399","0.086172855","0.115635653","0.141504855","0.088324214"
"nqx - probability of dying between ages x and x+n"," 70-74 years","0.137236768","0.171907316","0.10440202","0.144098943","0.179048023","0.109366829","0.162770114","0.198541983","0.126145906","0.192568397","0.231182306","0.153798097","0.202084946","0.238248727","0.166032905"
"nqx - probability of dying between ages x and x+n"," 75-79 years","0.221445846","0.272106813","0.175377243","0.233269651","0.287905281","0.183014513","0.261059858","0.31443418","0.212899084","0.293918453","0.347543254","0.245423494","0.299026936","0.354974612","0.251179808"
"nqx - probability of dying between ages x and x+n"," 80-84 years","0.371374039","0.445128503","0.31134988","0.383716156","0.459071974","0.324657754","0.436162384","0.513830454","0.374105313","0.458194129","0.530310451","0.403457525","0.459987412","0.533954978","0.404168568"
"nqx - probability of dying between ages x and x+n"," 85+ years","1","1","1","1","1","1","1","1","1","1","1","1","1","1","1"
"lx - number of people left alive at age x"," &lt;1 year","1.00E+05","1.00E+05","1.00E+05","1.00E+05","1.00E+05","1.00E+05","1.00E+05","1.00E+05","1.00E+05","1.00E+05","1.00E+05","1.00E+05","1.00E+05","1.00E+05","1.00E+05"
"lx - number of people left alive at age x"," 1-4 years","99323.63417","99282.63558","99369.71176","99088.27429","99026.49368","99158.07639","98662.52493","98580.10754","98758.91413","97884.9159","97760.28116","98031.20805","97479.57538","97310.70342","97668.67094"
"lx - number of people left alive at age x"," 5-9 years","99209.9668","99162.62847","99263.22073","98937.05304","98868.57775","99014.57477","98439.84827","98344.99172","98550.76701","97518.17806","97374.36198","97686.594","96781.25619","96588.30059","96997.91917"
"lx - number of people left alive at age x"," 10-14 years","99118.24646","99065.84961","99177.33233","98830.72863","98757.58547","98913.70248","98307.58573","98205.30851","98427.08201","97346.84413","97194.00765","97525.4987","96550.23373","96349.23137","96775.87254"
"lx - number of people left alive at age x"," 15-19  years","99022.10185","98946.08436","99108.75277","98724.86947","98621.59348","98842.66087","98186.662","98053.55757","98341.13705","97204.16366","97014.24729","97424.13782","96378.40745","96159.1476","96623.68087"
"lx - number of people left alive at age x"," 20-24 years","98844.16111","98707.94402","99000.13658","98536.50529","98371.71263","98724.1312","97960.00149","97756.3787","98193.0049","96920.46755","96636.12017","97242.01226","96060.67672","95741.39908","96412.61428"
"lx - number of people left alive at age x"," 25-29 years","98566.32946","98317.91166","98849.34641","98267.73771","98003.76948","98565.8752","97629.36836","97305.14643","97991.9752","96559.3495","96154.39899","97009.4245","95617.39214","95226.26376","96045.87544"
"lx - number of people left alive at age x"," 30-34 years","98265.43152","97888.59525","98690.41935","97949.72637","97546.54603","98397.4335","97253.09221","96796.94291","97755.98946","96175.51633","95640.5317","96764.11534","95101.91186","94687.0133","95555.60801"
"lx - number of people left alive at age x"," 35-39 years","97848.8149","97291.17844","98467.48836","97525.00631","96943.14537","98162.73053","96730.05431","96071.51177","97448.21161","95625.82064","94911.5131","96405.35604","94385.64834","93919.66537","94892.66306"
"lx - number of people left alive at age x"," 40-44 years","97243.32699","96432.22612","98131.72551","96934.61736","96127.49481","97812.07103","96038.44128","95120.83948","97032.47758","94771.08582","93781.26615","95840.32658","93454.8982","92754.36229","94211.03639"
"lx - number of people left alive at age x"," 45-49 years","96337.45724","95172.9795","97603.39055","96017.69067","94868.79925","97259.57036","94967.15669","93659.53351","96372.19303","93530.00108","92155.55844","95011.72405","92126.17838","91073.26486","93259.68727"
"lx - number of people left alive at age x"," 50-54 years","95149.88464","93559.72482","96870.74055","94682.39819","92998.69258","96489.42091","93387.29791","91547.85789","95365.53281","91917.24144","90087.86666","93892.48227","90199.70262","88846.71103","91655.38121"
"lx - number of people left alive at age x"," 55-59 years","93288.18011","91099.87577","95643.99313","92737.77432","90432.28828","95216.8583","91238.30254","88749.16345","93926.78189","89172.6481","86700.2294","91850.80571","87334.39218","85335.12192","89490.99834"
"lx - number of people left alive at age x"," 60-64 years","90442.84415","87427.849","93697.97652","89722.88617","86521.46273","93183.82904","87932.02683","84565.34605","91588.48425","85086.87174","81699.3032","88781.03478","83326.59106","80180.56245","86815.47328"
"lx - number of people left alive at age x"," 65-69 years","86031.17207","81888.43526","90523.06508","84971.31222","80477.87266","89861.32717","82477.96942","77837.77249","87563.66398","79322.84617","74918.27475","84235.13141","77331.78178","73064.06239","82186.56072"
"lx - number of people left alive at age x"," 70-74 years","79308.78604","73763.52986","85342.00334","77814.06008","71725.02778","84492.71838","74536.79665","68468.18578","81360.52297","70522.8105","64887.36215","76976.34962","68389.47072","62725.14284","74927.49735"
"lx - number of people left alive at age x"," 75-79 years","68424.7046","61083.03945","76432.12579","66601.13625","58882.80335","75252.0177","62404.43374","54874.37643","71097.22608","56942.34593","49886.55215","65137.53353","54568.98822","47780.95738","62487.06731"
"lx - number of people left alive at age x"," 80-84 years","53272.338","44461.92827","63027.67027","51065.11244","41930.13329","61479.80636","46113.14116","37619.99687","55960.69174","40205.93972","32548.8175","49151.25247","38251.39085","30819.93058","46791.57772"
"lx - number of people left alive at age x"," 85+ years","33488.37465","24670.6567","43404.01271","31470.60378","22681.18424","41519.91053","26000.32357","18289.6968","35025.49963","21783.81418","15287.83942","29320.80979","20656.23256","14363.47522","27879.89275"
"ndx - number of people dying between ages x and x+n"," &lt;1 year","676.3658304","717.3644175","630.2882371","911.7257062","973.5063157","841.9236139","1337.475073","1419.892455","1241.08587","2115.084105","2239.718837","1968.79195","2520.424624","2689.296585","2331.329059"
"ndx - number of people dying between ages x and x+n"," 1-4 years","113.6673738","120.0071085","106.4910338","151.2212559","157.9159321","143.50162","222.6766521","235.115825","208.1471211","366.7378348","385.9191834","344.6140496","698.3191829","722.4028245","670.7517682"
"ndx - number of people dying between ages x and x+n"," 5-9 years","91.72034071","96.77886852","85.888401","106.3244074","110.9922781","100.8722875","132.2625399","139.6832072","123.6849979","171.3339262","180.3543331","161.0952997","231.022459","239.0692161","222.0466288"
"ndx - number of people dying between ages x and x+n"," 10-14 years","96.14460828","119.7652407","68.57955392","105.8591608","135.991991","71.04160735","120.9237319","151.7509379","85.94496011","142.6804721","179.7603594","101.3608781","171.8262799","190.0837774","152.1916706"
"ndx - number of people dying between ages x and x+n"," 15-19  years","177.940738","238.1403432","108.616196","188.3641835","249.8808511","118.5296756","226.6605151","297.1788708","148.1321466","283.696115","378.127121","182.1255615","317.7307306","417.748518","211.06659"
"ndx - number of people dying between ages x and x+n"," 20-24 years","277.8316477","390.0323643","150.7901685","268.7675721","367.9431511","158.2559924","330.6331303","451.2322731","201.029704","361.1180502","481.7211761","232.5877656","443.2845809","515.1353197","366.7388481"
"ndx - number of people dying between ages x and x+n"," 25-29 years","300.8979415","429.316411","158.9270594","318.0113469","457.2234476","168.4417035","376.2761521","508.203519","235.9857416","383.8331649","513.8672891","245.3091563","515.4802832","539.250456","490.26743"
"ndx - number of people dying between ages x and x+n"," 30-34 years","416.6166201","597.4168029","222.9309889","424.7200525","603.4006642","234.7029733","523.0378942","725.4311405","307.7778453","549.6956942","729.0185995","358.759303","716.2635236","767.3479353","662.9449474"
"ndx - number of people dying between ages x and x+n"," 35-39 years","605.4879144","858.9523249","335.7628541","590.3889504","815.6505592","350.6594947","691.6130345","950.6722887","415.7340283","854.7348144","1130.246947","565.0294531","930.7501376","1165.30308","681.6266685"
"ndx - number of people dying between ages x and x+n"," 40-44 years","905.8697476","1259.246619","528.3349612","916.9266898","1258.69556","552.5006724","1071.284583","1461.305977","660.2845525","1241.08474","1625.707717","828.6025346","1328.719813","1681.097425","951.3491178"
"ndx - number of people dying between ages x and x+n"," 45-49 years","1187.572597","1613.25468","732.6499924","1335.292482","1870.106667","770.1494458","1579.858781","2111.675619","1006.660223","1612.759647","2067.691778","1119.241784","1926.475767","2226.553833","1604.306057"
"ndx - number of people dying between ages x and x+n"," 50-54 years","1861.704527","2459.849051","1226.747427","1944.623871","2566.404298","1272.562609","2148.995376","2798.694436","1438.750919","2744.59334","3387.637259","2041.676553","2865.310434","3511.589114","2164.382878"
"ndx - number of people dying between ages x and x+n"," 55-59 years","2845.335961","3672.026774","1946.016611","3014.888151","3910.825557","2033.029267","3306.275703","4183.817407","2338.297643","4085.776357","5000.9262","3069.770933","4007.801119","5154.559462","2675.525056"
"ndx - number of people dying between ages x and x+n"," 60-64 years","4411.672082","5539.413736","3174.911433","4751.573951","6043.590068","3322.50187","5454.057413","6727.573556","4024.82027","5764.025571","6781.028448","4545.903365","5994.809282","7116.500064","4628.912559"
"ndx - number of people dying between ages x and x+n"," 65-69 years","6722.386031","8124.905395","5181.061738","7157.252137","8752.844878","5368.608791","7941.172774","9369.586705","6203.141009","8800.035663","10030.9126","7258.781793","8942.311057","10338.91955","7259.063372"
"ndx - number of people dying between ages x and x+n"," 70-74 years","10884.08144","12680.49042","8909.87756","11212.92383","12842.22443","9240.70068","12132.3629","13593.80935","10263.29689","13580.46458","15000.81","11838.81609","13820.48251","14944.18546","12440.43004"
"ndx - number of people dying between ages x and x+n"," 75-79 years","15152.36659","16621.11117","13404.45551","15536.0238","16952.67007","13772.21134","16291.29259","17254.37957","15136.53434","16736.4062","17337.73466","15986.28106","16317.59737","16961.02679","15695.48959"
"ndx - number of people dying between ages x and x+n"," 80-84 years","19783.96335","19791.27157","19623.65756","19594.50867","19248.94905","19959.89583","20112.81759","19330.30007","20935.19211","18422.12554","17260.97808","19830.44268","17595.15829","16456.45536","18911.68497"
"ndx - number of people dying between ages x and x+n"," 85+ years","33488.37465","24670.6567","43404.01271","31470.60378","22681.18424","41519.91053","26000.32357","18289.6968","35025.49963","21783.81418","15287.83942","29320.80979","20656.23256","14363.47522","27879.89275"
"nLx - person-years lived between ages x and x+n"," &lt;1 year","99391.27075","99354.37202","99432.74059","99179.44686","99123.84432","99242.26875","98796.27243","98722.09679","98883.02272","98096.42431","97984.25305","98228.08725","97731.61784","97579.63307","97901.80385"
"nLx - person-years lived between ages x and x+n"," 1-4 years","397021.735","396842.5253","397223.2686","395990.1662","395726.9765","396287.9017","394115.6757","393756.1522","394536.1034","390659.4928","390114.9186","391297.7585","388242.3355","387509.0469","389064.8795"
"nLx - person-years lived between ages x and x+n"," 5-9 years","495820.5331","495571.1952","496101.3826","494419.4542","494065.4081","494820.6931","491868.585","491375.7506","492444.6225","487162.5555","486420.9241","488030.2318","483328.7248","482343.8299","484434.4793"
"nLx - person-years lived between ages x and x+n"," 10-14 years","495350.8708","495029.8349","495715.2128","493888.9953","493447.9474","494390.9084","491235.6193","490647.1652","491920.5477","486377.5195","485520.6373","487374.0913","482321.603","481270.9474","483498.8835"
"nLx - person-years lived between ages x and x+n"," 15-19  years","494665.6574","494135.071","495272.2234","493153.4369","492483.2653","493916.9802","490366.6587","489524.8407","491335.3549","485311.578","484125.9186","486665.3752","481097.7104","479751.3667","482590.7379"
"nLx - person-years lived between ages x and x+n"," 20-24 years","493526.2264","492564.6392","494623.7075","492010.6075","490938.7053","493225.016","488973.4246","487653.8128","490462.4503","483699.5426","481976.2979","485628.5919","479195.1722","477419.1571","481146.2243"
"nLx - person-years lived between ages x and x+n"," 25-29 years","492079.4025","490516.2673","493849.4144","490543.6602","488875.7888","492408.2718","487206.1514","485255.2234","489369.9116","481837.1646","479487.3267","484433.8496","476798.26","474783.1927","479003.7086"
"nLx - person-years lived between ages x and x+n"," 30-34 years","490285.616","487949.4342","492894.7693","488686.8317","486224.2285","491400.4101","484957.8663","482171.1367","488010.5027","479503.3424","476380.112","482923.6784","473718.9005","471516.6967","476120.6777"
"nLx - person-years lived between ages x and x+n"," 35-39 years","487730.3547","484308.5114","491498.0347","486149.0592","482676.6004","489937.0039","481921.239","477980.8781","486201.723","475992.2662","471731.9481","480614.2066","469601.3663","466685.0691","472759.2486"
"nLx - person-years lived between ages x and x+n"," 40-44 years","483951.9606","479013.014","489337.7901","482380.7701","477490.7351","487679.1035","477513.9949","471950.9325","483511.6765","470752.7173","464842.0615","477130.1266","463952.6915","459569.0679","468676.8092"
"nLx - person-years lived between ages x and x+n"," 45-49 years","478718.3547","471831.7608","486185.3277","476750.2222","469668.7296","484372.4782","470886.1365","463018.4785","479344.3146","463618.1063","455608.5627","472260.5158","455814.7025","449799.9397","462287.6712"
"nLx - person-years lived between ages x and x+n"," 50-54 years","471095.1619","461649.0015","481286.8342","468550.4313","458577.4522","479265.698","461564.0011","450742.5533","473230.7868","452724.7238","441970.2401","464358.2199","443835.237","435454.5824","452865.9489"
"nLx - person-years lived between ages x and x+n"," 55-59 years","459327.5607","446319.3119","473354.9241","456151.6512","442384.3775","471001.7184","447925.8234","433286.2737","463788.1653","435648.7996","420998.8315","451579.6012","426652.4581","413789.2109","440766.179"
"nLx - person-years lived between ages x and x+n"," 60-64 years","441185.0406","423290.7106","460552.604","436735.496","417498.3385","457612.8905","426024.9906","406007.7963","447880.3706","411024.2948","391543.9449","432540.4155","401645.9321","383111.5621","422505.085"
"nLx - person-years lived between ages x and x+n"," 65-69 years","413349.8953","389129.9128","439662.6711","406963.4308","380507.2511","435885.1139","392536.9152","365764.8957","422310.4674","374614.1417","349514.0923","403028.7026","364303.1313","339473.0131","392785.1452"
"nLx - person-years lived between ages x and x+n"," 70-74 years","369333.7266","337116.4233","404435.3228","361037.9908","326519.5778","399361.8402","342353.076","308356.4055","381144.3726","318662.8911","286934.7858","355284.7079","307396.1474","276265.2505","343536.4117"
"nLx - person-years lived between ages x and x+n"," 75-79 years","304242.6065","263862.4193","348649.4901","294165.6217","252032.3416","341829.5601","271293.9373","231235.9332","317644.7945","242870.7141","206088.4241","285721.965","232050.9477","196502.2199","273196.6126"
"nLx - person-years lived between ages x and x+n"," 80-84 years","216901.7816","172831.4624","266079.2074","206339.2906","161528.2938","257499.2922","180283.6618","139774.2342","227465.4784","154974.3848","119591.6423","196180.1557","147269.0585","112958.5145","186678.6762"
"nLx - person-years lived between ages x and x+n"," 85+ years","159344.4397","91441.01565","243156.9321","141087.6379","75528.0725","227020.5713","109101.3456","59078.19346","174585.9449","90149.83711","50994.22321","139424.9105","83444.49959","48247.08436","125627.5027"
"Tx - person-years lived above age x"," &lt;1 year","7743322.195","7472756.883","8049311.858","7664184.201","7385297.934","7987157.72","7488925.375","7226302.753","7794070.61","7283680.496","7041829.145","7562705.191","7158400.496","6934029.385","7415446.685"
"Tx - person-years lived above age x"," 1-4 years","7643930.924","7373402.511","7949879.117","7565004.754","7286174.09","7887915.451","7390129.103","7127580.656","7695187.588","7185584.072","6943844.892","7464477.104","7060668.878","6836449.752","7317544.881"
"Tx - person-years lived above age x"," 5-9 years","7246909.189","6976559.986","7552655.848","7169014.587","6890447.114","7491627.55","6996013.427","6733824.504","7300651.484","6794924.579","6553729.973","7073179.345","6672426.543","6448940.705","6928480.001"
"Tx - person-years lived above age x"," 10-14 years","6751088.656","6480988.79","7056554.466","6674595.133","6396381.705","6996806.857","6504144.842","6242448.753","6808206.862","6307762.024","6067309.049","6585149.114","6189097.818","5966596.875","6444045.522"
"Tx - person-years lived above age x"," 15-19  years","6255737.785","5985958.955","6560839.253","6180706.138","5902933.758","6502415.948","6012909.222","5751801.588","6316286.314","5821384.504","5581788.412","6097775.022","5706776.215","5485325.928","5960546.639"
"Tx - person-years lived above age x"," 20-24 years","5761072.128","5491823.884","6065567.03","5687552.701","5410450.493","6008498.968","5522542.564","5262276.748","5824950.959","5336072.926","5097662.493","5611109.647","5225678.505","5005574.561","5477955.901"
"Tx - person-years lived above age x"," 25-29 years","5267545.901","4999259.245","5570943.322","5195542.094","4919511.787","5515273.952","5033569.139","4774622.935","5334488.509","4852373.384","4615686.195","5125481.055","4746483.332","4528155.404","4996809.676"
"Tx - person-years lived above age x"," 30-34 years","4775466.499","4508742.978","5077093.908","4704998.433","4430635.999","5022865.68","4546362.988","4289367.711","4845118.597","4370536.219","4136198.869","4641047.206","4269685.072","4053372.211","4517805.968"
"Tx - person-years lived above age x"," 35-39 years","4285180.883","4020793.544","4584199.138","4216311.602","3944411.77","4531465.27","4061405.121","3807196.575","4357108.095","3891032.877","3659818.757","4158123.527","3795966.172","3581855.515","4041685.29"
"Tx - person-years lived above age x"," 40-44 years","3797450.528","3536485.032","4092701.104","3730162.543","3461735.17","4041528.266","3579483.882","3329215.696","3870906.372","3415040.611","3188086.808","3677509.321","3326364.806","3115170.445","3568926.042"
"Tx - person-years lived above age x"," 45-49 years","3313498.567","3057472.018","3603363.314","3247781.772","2984244.435","3553849.163","3101969.888","2857264.764","3387394.695","2944287.893","2723244.747","3200379.194","2862412.114","2655601.378","3100249.232"
"Tx - person-years lived above age x"," 50-54 years","2834780.213","2585640.258","3117177.986","2771031.55","2514575.705","3069476.685","2631083.751","2394246.286","2908050.38","2480669.787","2267636.184","2728118.678","2406597.412","2205801.438","2637961.561"
"Tx - person-years lived above age x"," 55-59 years","2363685.051","2123991.256","2635891.152","2302481.119","2055998.253","2590210.987","2169519.75","1943503.732","2434819.594","2027945.063","1825665.944","2263760.458","1962762.175","1770346.855","2185095.612"
"Tx - person-years lived above age x"," 60-64 years","1904357.49","1677671.944","2162536.228","1846329.468","1613613.875","2119209.268","1721593.926","1510217.458","1971031.428","1592296.264","1404667.112","1812180.857","1536109.716","1356557.644","1744329.433"
"Tx - person-years lived above age x"," 65-69 years","1463172.45","1254381.233","1701983.624","1409593.972","1196115.537","1661596.378","1295568.936","1104209.662","1523151.058","1181271.969","1013123.168","1379640.442","1134463.784","973446.0824","1321824.348"
"Tx - person-years lived above age x"," 70-74 years","1049822.554","865251.3207","1262320.953","1002630.541","815608.2857","1225711.264","903032.0207","738444.7664","1100840.59","806657.8271","663609.0754","976611.739","770160.6531","633973.0693","929039.2031"
"Tx - person-years lived above age x"," 75-79 years","680488.8278","528134.8974","857885.6297","641592.5502","489088.7079","826349.4237","560678.9447","430088.3609","719696.2178","487994.936","376674.2896","621327.0312","462764.5058","357707.8188","585502.7914"
"Tx - person-years lived above age x"," 80-84 years","376246.2213","264272.4781","509236.1396","347426.9285","237056.3663","484519.8636","289385.0075","198852.4276","402051.4233","245124.2219","170585.8655","335605.0661","230713.5581","161205.5989","312306.1789"
"Tx - person-years lived above age x"," 85+ years","159344.4397","91441.01565","243156.9321","141087.6379","75528.0725","227020.5713","109101.3456","59078.19346","174585.9449","90149.83711","50994.22321","139424.9105","83444.49959","48247.08436","125627.5027"
"ex - expectation of life at age x"," &lt;1 year","77.43322195","74.72756883","80.49311858","76.64184201","73.85297934","79.8715772","74.88925375","72.26302753","77.9407061","72.83680496","70.41829145","75.62705191","71.58400496","69.34029385","74.15446685"
"ex - expectation of life at age x"," 1-4 years","76.9598393","74.26678862","80.00304093","76.34611469","73.57802765","79.54889545","74.90310134","72.30242321","77.91891654","73.40849207","71.02930566","76.14388573","72.43229006","70.25383141","74.9221302"
"ex - expectation of life at age x"," 5-9 years","73.04618097","70.35473033","76.08715285","72.46036108","69.69299316","75.66186662","71.06891721","68.47145326","74.08010821","69.67854316","67.30447153","72.40685805","68.94337608","66.76730686","71.42916117"
"ex - expectation of life at age x"," 10-14 years","68.11146179","65.42101861","71.15087995","67.53562607","64.76851044","70.73647716","66.16116949","63.56528835","69.17005689","64.7967798","62.42472346","67.52233212","64.10235976","61.92677191","66.58731513"
"ex - expectation of life at age x"," 15-19  years","63.17516664","60.49717878","66.19838379","62.60536146","59.85437417","65.78552106","61.23957267","58.65979502","64.22832299","59.88822171","57.53575962","62.58998189","59.21218627","57.04424451","61.68825887"
"ex - expectation of life at age x"," 20-24 years","58.28439498","55.63710134","61.26826931","57.72025997","55.00006402","60.86150261","56.37548469","53.8305205","59.3214452","55.0562029","52.75110884","57.70252504","54.39976776","52.28223746","56.81783386"
"ex - expectation of life at age x"," 25-29 years","53.441636","50.84789903","56.35791762","52.87129036","50.19716908","55.95520702","51.55794024","49.06855505","54.43801391","50.25275552","48.00286044","52.83487746","49.64037636","47.55153909","52.02523954"
"ex - expectation of life at age x"," 30-34 years","48.59762406","46.05994158","51.44464824","48.03482978","45.42073686","51.04671435","46.74774739","44.31304938","49.56339375","45.44333512","43.24734289","47.96248268","44.89589104","42.80811137","47.27933883"
"ex - expectation of life at age x"," 35-39 years","43.79389661","41.32742154","46.55545922","43.23313334","40.68788727","46.1627875","41.98700342","39.62877761","44.71203753","40.69019069","38.56032463","43.13166507","40.21762036","38.13743906","42.59217899"
"ex - expectation of life at age x"," 40-44 years","39.05101405","36.67326966","41.70619728","38.48122213","36.01191497","41.31932004","37.27136587","34.99985613","39.8928943","36.03462576","33.99492179","38.37121024","35.59326338","33.58516374","37.88225009"
"ex - expectation of life at age x"," 45-49 years","34.39470651","32.12542083","36.91842357","33.82482696","31.4565427","36.53984024","32.66360704","30.50692927","35.14908802","31.47960931","29.5505208","33.68404506","31.07056175","29.1589566","33.2431871"
"ex - expectation of life at age x"," 50-54 years","29.79278665","27.63625334","32.178736","29.26659657","27.03882856","31.81153598","28.17389313","26.15294711","30.49372551","26.98807915","25.17138288","29.05577329","26.6807688","24.82704663","28.78130587"
"ex - expectation of life at age x"," 55-59 years","25.33745484","23.31497423","27.55940092","24.82786692","22.73522314","27.20328136","23.77860712","21.89884002","25.92252758","22.74178357","21.05722161","24.64605989","22.47410356","20.74581738","24.4169319"
"ex - expectation of life at age x"," 60-64 years","21.0559222","19.18921675","23.07986051","20.57813281","18.64986819","22.74224283","19.57869036","17.85858545","21.52051587","18.71377136","17.19313455","20.41180148","18.43480811","16.91878434","20.09237947"
"ex - expectation of life at age x"," 65-69 years","17.00746851","15.31817319","18.80165704","16.58905735","14.86266345","18.49067257","15.70806053","14.18603882","17.39478442","14.89195138","13.52304456","16.3784447","14.67008464","13.32318585","16.0832177"
"ex - expectation of life at age x"," 70-74 years","13.23715324","11.73006935","14.79132084","12.88495344","11.3713206","14.50670883","12.11525128","10.78522467","13.5304021","11.43825411","10.22709282","12.68716617","11.26139221","10.10716023","12.39917568"
"ex - expectation of life at age x"," 75-79 years","9.945075128","8.646179074","11.22414981","9.633357422","8.306138296","10.98109325","8.98460111","7.837690172","10.12270461","8.56998299","7.550617819","9.538694474","8.480357083","7.486409616","9.369983528"
"ex - expectation of life at age x"," 80-84 years","7.062693988","5.943792551","8.079564696","6.803606452","5.653603929","7.880959493","6.275543157","5.28581723","7.184532764","6.096716643","5.240923592","6.828006394","6.031507691","5.230563334","6.674410099"
"ex - expectation of life at age x"," 85+ years","4.758201656","3.70646865","5.602176319","4.483156374","3.329988051","5.46775194","4.196153381","3.230135202","4.984538314","4.138386251","3.335606936","4.755152107","4.039676614","3.359011912","4.506025322"
